tweet,category
title,irrelevant
@fhedilyn im so hapy na #congrat my idol #dongyan #engaged cant wait #weding son we love you...,irrelevant
Ay yo world.    Meanwhile... in Broklyn. #LouFiance #yas #engaged  #helokity #loveyoubetch    htp://t.co/JtsuiEFMJg,irrelevant
@erinevoth Congratulations Let the planing begin. #engaged,irrelevant
Photo by sisy @frogponders #nc #photography #justforfun #engaged #nofilter htp://t.co/agnbuPUD8B,irrelevant
@RickJzeroStops Awe...great pic Congratulations And excelent ring choice. Its beautiful #engaged,irrelevant
#christinebleakley #franklampard #couple #engaged #fiance #brunete #louisvuiton #fotbaler #WAG #presenter #ir... htp://t.co/yrU0RypabF,irrelevant
#christinebleakley #franklampard #couple #engaged #fiance #brunete #louisvuiton #fotbaler #WAG #presenter #ir... htp://t.co/UyDtCs4s7r,irrelevant
#christinebleakley #franklampard #couple #engaged #fiance #brunete #louisvuiton #fotbaler #WAG #presenter #ir... htp://t.co/JE7VfW4HT4,irrelevant
#christinebleakley #franklampard #couple #engaged #fiance #brunete #louisvuiton #fotbaler #WAG #presenter #ir... htp://t.co/RenRnd0LLl,irrelevant
#christinebleakley #franklampard #couple #engaged #fiance #brunete #louisvuiton #fotbaler #WAG #presenter #ir... htp://t.co/jA9rb5eBgb,irrelevant
RT @RKaedB: It al started with a retwet and a folow. Twiter conects people. #love #engaged htp://t.co/8s15cRUxD1,irrelevant
@jmhwriter Congratulations Love the video #engaged,irrelevant
Some more engagement pictures. Sorynotsory. Im just to excited // #engaged #mariage #fianc      htp://t.co/kiJBHqITgD,irrelevant
#christinebleakley #franklampard #couple #engaged #fiance #brunete #louisvuiton #fotbaler #WAG #presenter #ir... htp://t.co/Y1dLI0owS1,irrelevant
#christinebleakley #franklampard #couple #engaged #fiance #brunete #louisvuiton #fotbaler #WAG #presenter #ir... htp://t.co/2yPeEAczx,irrelevant
#christinebleakley #franklampard #couple #engaged #fiance #brunete #louisvuiton #fotbaler #WAG #presenter #ir... htp://t.co/GgeEL927zT,irrelevant
#christinebleakley #franklampard #couple #engaged #fiance #brunete #louisvuiton #fotbaler #WAG #presenter #ir... htp://t.co/RfWFCoD4rY,irrelevant
#christinebleakley #franklampard #couple #engaged #fiance #brunete #louisvuiton #fotbaler #WAG #presenter #ir... htp://t.co/ikIJxQVSA5,irrelevant
#christinebleakley #franklampard #couple #engaged #fiance #brunete #louisvuiton #fotbaler #WAG #presenter #ir... htp://t.co/p9qDBnLWqK,irrelevant
#christinebleakley #franklampard #couple #engaged #fiance #brunete #louisvuiton #fotbaler #WAG #presenter #ir... htp://t.co/lMPI2KWNt7,irrelevant
RT @AlainFadel: When a group comes together thats #engaged and wants to make a #diference... it can mean the world.  #ContinuousImproveme   ,irrelevant
#christinebleakley #franklampard #couple #engaged #fiance #brunete #louisvuiton #fotbaler #WAG #presenter #ir... htp://t.co/n0BBZoBTUz,irrelevant
#christinebleakley #franklampard #couple #engaged #fiance #brunete #louisvuiton #fotbaler #WAG #presenter #ir... htp://t.co/9xOyaUen87,irrelevant
Got proposed to in Venice of al places....           #Kyleisthemanforme #love #life #engaged #hapygirl htp://t.co/ECUbBzeKDO,irrelevant
RT @SimplyMisy13: #Engaged #InLove #MyBaby #MySoldier #Army #Ring #HisForever #HapilyEverAfter @longoria_cesar htp://t.co/Si7tbpVEfJ,irrelevant
#Engaged #InLove #MyBaby #MySoldier #Army #Ring #HisForever #HapilyEverAfter @longoria_cesar htp://t.co/Si7tbpVEfJ,irrelevant
RT @SimplyMisy13: #MyPerfection #MySoldier #Engaged #InLove #HapilyEverAfter htp://t.co/Wn4zVla6e4,irrelevant
Congratulations @iamdongdantes and #Marian so hapy #Engaged,irrelevant
"Vena Amori" - the VEIN in the 4th ring finger thats believed to lead to the heart. #DidYouKnow #weding #engaged #bridegrom #col #WOW,irrelevant
#baking a #cake for #bay #levelstothis #lesbianswag #engaged #hergirlbeterthanurs htp://t.co/QcVYUNi9Ny,irrelevant
#baking a #cake for #bay #levelstothis #lesbianswag #engaged #hergirlbeterthanurs htp://t.co/mOqaGSthop,irrelevant
Check this out  #ebay htp://t.co/JwoMDYvLqI #bride #grom #weding #mariage #engaged #husband #wife #hitched #shower #gift #inlaws,irrelevant
#baking a #cake for #bay #levelstothis #lesbianswag #engaged #hergirlbeterthanurs htp://t.co/JptycCLgqI,irrelevant
When a group comes together thats #engaged and wants to make a #diference... it can mean the world.  #ContinuousImprovement,irrelevant
#love #thinblueline #deputy  #engaged #firefighter #emt  #perfect htp://t.co/HBbGpRmKpr,irrelevant
&amp;&amp;its true                          #Engaged #HePutARingOnIt #SayWhat htp://t.co/LTwhpBPrvb,irrelevant
Emerald Gren Ribon Sash Bridal sash Weding htp://t.co/ybITKTLE98 via @Etsy #bride #engaged #weding #gren,irrelevant
         #engaged @Alex_Gant htp://t.co/qbmEa685T9,irrelevant
@McIlroyRory #engaged #bombs,irrelevant
Such a swet surprise #engaged #wedingyear #wedingplaning #feb21 #thankyou htp://t.co/jlmGlQLr4i,irrelevant
Found my dream dres and I cant wait to mary my best friend #isaidyes #weding #engaged #yestothedres,irrelevant
RT @grahams24: So hapy for my brother and son to be sister in law #Engaged htp://t.co/Dvq4lV2YXx,irrelevant
Found it today We cried and cried Cant wait to mary my best friend #engaged #051515    htp://t.co/opjDPx6yfk,irrelevant
So hapy for my brother and son to be sister in law #Engaged htp://t.co/Dvq4lV2YXx,irrelevant
Mailing the #weding #invitations Cant wait for everyone to se how #gorgeous they are #engaged    htp://t.co/KfOfq1Q2bC,irrelevant
#engaged,irrelevant
RT @mwhit_15: Im the luckiest girl alive #sohapy #engaged htp://t.co/QvazXRhb9t,irrelevant
I know its totaly cliche but had to take a pic of the bling         #engaged htp://t.co/o14G1W1y9z,irrelevant
I cant wait to spend the rest of my life with this guy #engaged #fianc   #love #forever htp://t.co/HdYHgZ5Fte,irrelevant
RT @NicoleH98: @ShelbyListon_ &amp; I saw Jeremiah the lifeguard and I had to propose             #engaged #WhatAreTheOds,irrelevant
@ShelbyListon_ &amp; I saw Jeremiah the lifeguard and I had to propose             #engaged #WhatAreTheOds,irrelevant
Thank you Julia for sending in your beautiful weding Photos -a very special day #Engaged #weding #couture... htp://t.co/S4wryo9NqQ,irrelevant
RT @DYFanatics:    @FeistyMoma: Congratulations @iamdongdantes and Marian Rivera #engaged #dongyan htp://t.co/pZwEEQAJd1   ,irrelevant
RT @wedocracy: Meting such col #engaged couples. Congrats to you Great to have a #grom in the house    htp://t.co/RsguESbn1f,irrelevant
RT @jackiebe4: ah congrats @JosephKremer3 &amp; @JSCX1890  so so so hapy for you two :) #engaged,irrelevant
RT @wedocracy: Meting such col #engaged couples. Congrats to you Great to have a #grom in the house... htp://t.co/vlM6fmR7ay htp://t.   ,irrelevant
RT @wedocracy: Meting such col #engaged couples. Congrats to you Great to... htp://t.co/EzWmRdWTic htp://t.co/1vq7d5kYxj,irrelevant
RT @wedocracy: Meting such col #engaged couples. Congrats to you Great to... htp://t.co/LsYJUbMlp7 htp://t.co/tI8oqVEkpq,irrelevant
RT @Georgieharv: ANNOUNCE IT ANNOUNCE IT #engaged #zalfie @ZozeBo @PointlesBlog,irrelevant
Gorgeous day with these beauties #bestfriendsengagment #engaged #engagement #bride #bridetobe    htp://t.co/Ssr6ZpaAVO,irrelevant
Fresh Ideas For Weding Music - #engaged #getingmaried  htp://t.co/qH6PujMy2D,irrelevant
#engaged #RuberBandRing #sorta #NotTrueButFuny #RedundantHashtags # htp://t.co/0nzusvOEa9,irrelevant
So hapy for my beautiful best friend sjhobs22 #weding #engaged #love #girls #instacolage htp://t.co/PhUv7PoBS0,irrelevant
Mabrok @MorisIshay and Sylvia #engaged,irrelevant
I said yes #engaged @SethRolins1RP htp://t.co/sx34LP1TVk,irrelevant
ANNOUNCE IT ANNOUNCE IT #engaged #zalfie @ZozeBo @PointlesBlog,irrelevant
Meting such col #engaged couples. Congrats to you Great to... htp://t.co/LsYJUbMlp7 htp://t.co/tI8oqVEkpq,irrelevant
Meting such col #engaged couples. Congrats to you Great to... htp://t.co/EzWmRdWTic htp://t.co/1vq7d5kYxj,irrelevant
             #engaged #fiance #relationship #hapy #lovedup #ring #him #love #mr #londoneye #bournemouth #02    htp://t.co/Xb5yG6Fue5,irrelevant
#MyPerfection #MySoldier #Engaged #InLove #HapilyEverAfter htp://t.co/Wn4zVla6e4,irrelevant
Meting such col #engaged couples. Congrats to you Great to have a #grom in the house... htp://t.co/vlM6fmR7ay htp://t.co/zke5oJp9ML,irrelevant
You light up my world..... Olamide + Sam #engaged #augustwedings #gazmaduwedings #gazmaduphotography... htp://t.co/yRKUV2TPvY,irrelevant
ah congrats @JosephKremer3 &amp; @JSCX1890  so so so hapy for you two :) #engaged,irrelevant
"@RKaedB: It al started with a retwet and a folow. Twiter conects people. #love #engaged htp://t.co/OzB56Gzu4P",irrelevant
Meting such col #engaged couples. Congrats to you Great to have a #grom in the house    htp://t.co/RsguESbn1f,irrelevant
4 years ago today                 #paris #engaged htp://t.co/fNJb37dxcV,irrelevant
Engagement Photos by Dav Ford Photography - 2014. #love #engaged #hapy htp://t.co/Gcz3Ju186Z,irrelevant
RT @FeistyMoma: My eyes are to pufy from crying and no amount of white eyeliner is going to fix it              #DongYan #engaged htp://t.co/ZAi   ,irrelevant
   @FeistyMoma: Congratulations @iamdongdantes and Marian Rivera #engaged #dongyan htp://t.co/pZwEEQAJd1   ,irrelevant
Two of my favorite people share an important moment. #Engaged #GodInThisMix htp://t.co/ik3RboCE8S,irrelevant
They always say that diamonds are a girls best friend which one is yours  #sparkle #engaged #ring    htp://t.co/dhkNEFOIG7,irrelevant
me &amp; @camerondalas are geting maried             ,irrelevant
RT @CraigSarnak: Talking about homecoming now is like being that girl that talks about geting maried and having kids after the first date,irrelevant
People are talking about me geting maried.,irrelevant
RT @anthony_prep: i want my friends to start geting maried. those wedings wil be a blast and lord knows Im not trying to get maried a   ,irrelevant
Talking about homecoming now is like being that girl that talks about geting maried and having kids after the first date,irrelevant
RT @johnchese: Geting maried @DuckysBridal has everything you ned for the perfect weding. Unles youre Mexican. We have the right to   ,irrelevant
Me and Cam are geting maried,irrelevant
Its always a bit weird and funy when I se a girl who blew me geting maried. #slopyseconds,irrelevant
So my parents aproved of jacob and I geting maried so.....,irrelevant
Dariele cum his sily self ova here teling my family we geting maried      cuz he came 2 c me while Im sick          ,irrelevant
By the logic of that 1h thread Soyoung must be planing on geting maried bc she has ben absent the most from group events thus far,irrelevant
I se people geting maried at the age of 18 nah wait until you gota start paying bils and raising kids now thats the real test,irrelevant
@yanisher amount of people in NJ who thought I was geting maried in the samuh lagna... Chil out Indian aunties,irrelevant
RT @actual_makokoro: @Swimer_Haru rins geting maried to me confirmed #makoharuweding,irrelevant
"So I put you in my "were never geting maried" file".  My tweps you are to young for that file relax.,irrelevant
@KeganAlen we are geting maried just wanted you to know     ,irrelevant
@GingerSergeant Eugene chuckles softly a few times "Just...wel us geting maried.",irrelevant
Andi Dorfman &amp;amp; Josh Muray: Geting Maried May 9 htp://t.co/0lkC9tk8sz  #AndiDorfman #bit #TV #weding,irrelevant
i want my friends to start geting maried. those wedings wil be a blast and lord knows Im not trying to get maried any time son,irrelevant
The girl of my dreams is geting maried and every time I se her sparks fly Of course its 4th of July when I se her - Tyler Larson         ,irrelevant
@camerondalas were you guys geting maried or something htp://t.co/omzYj6IitJ,irrelevant
So my bestfriend from 8th grade is geting maried this wekend WHAT is life.,irrelevant
tyler posey and I are geting maried,irrelevant
@Swimer_Haru rins geting maried to me confirmed #makoharuweding,irrelevant
Andi Dorfman and Josh Muray: Were Geting Maried on TV htp://t.co/x1w2lUNava  #AndiDorfman #couple #JoshMuray #nuptials,irrelevant
RT @juliepisarski: the idea of geting maried and coming home to the one person you love everyday sothes me,irrelevant
RT @GoldAlpinas_: @Tati_Thugem_ oh we already geting maried i done put you on lay away          i gota put my money down         ,irrelevant
if shailene wodley and ansel elgort dont end up geting maried I give up on life,irrelevant
Desire Hartsock and Chris Siegfried: Geting Maried in January -  was held in Holywod last wekend and upon... htp://t.co/1TriDzoWwE,irrelevant
I can definitely se myself geting maried sometime within the next 5 years.,irrelevant
Dolys engagement party Super elated that my best friends geting maried      htp://t.co/lwAiKL9zTK,irrelevant
   @hangingsliders: Game. Changer. htp://t.co/Noms6qGT8F    This is the exact reason my wife gave for geting maried. Shes model of health,irrelevant
It should be compulsory to read this before geting maried. Insightful shit. htp://t.co/46QGD8jCfV,irrelevant
Can everyone stop geting maried now K thanks.,irrelevant
@Odve I WANTED JINKI BUT ITS OK I LIKE MINHO TOO I GOT MINHOS PHOTOCARD SO IT MUST MEAN SOMETHING LIKE THAT WERE GETTING MARRIED IDK,irrelevant
At this weding w my family and me my brother and Leslie dont know the people geting maried but were in every picture lmao,irrelevant
Camerons to famous  Im never geting maried,irrelevant
Thankful @chastainyager caught the bouquet and tok some of the presure of of people asking if I was next geting maried      #ShesNext,irrelevant
So @DragonLorde and I are geting maried now xP,irrelevant
@Tati_Thugem_ oh we already geting maried i done put you on lay away          i gota put my money down         ,irrelevant
RT @hpb777: Geting maried for love is why I cant have nice things.,irrelevant
soyoungs not there so shes the one geting maried lmao,irrelevant
Nanys watching say yes to the dres and glaring at me like are you ever geting maried,irrelevant
Geting maried in two days I hope al the litle bits and pieces of this weding come together and it goes smothly :),irrelevant
So hapy for my uncle       Geting maried now going to be a dady         Where does time go,irrelevant
Omg ges geting maried             ,irrelevant
RT @michaelirvin88: My boy Reshawn geting #maried right now. Lok at this NE-GRO Jacket on his #WEDDING DAY LOL.......BROTHERS htp://t   ,irrelevant
Someone is literaly up here geting maried at stel lake ... I mean.. I gues. Wouldnt be MY first choice but who am I     ,irrelevant
My uncle just said Im great with kids and loked at me with that "when are you geting maried" lok HAHAHAHAHAH STAWP FAM,irrelevant
@ashleydyckman12 obviously although he doesnt know it yet but me and him are geting maried                 ,irrelevant
@jeralcy_ wait....hes not geting maried. I meant have a hapy life. Lol.,irrelevant
*ses comercial* Me: "My weding dance is gona be that awesome." Mom: "Lol youre not geting maried." #thxmum,irrelevant
RT @ashleydyckman12: @donabost14 agred. Like no bitch. Cam and I obviously are geting maried,irrelevant
Jacobs in the Chicago area  Im in the Chicago area Its fate Were geting maried,irrelevant
Geting maried when I make 21         ,irrelevant
@donabost14 agred. Like no bitch. Cam and I obviously are geting maried,irrelevant
the idea of geting maried and coming home to the one person you love everyday sothes me,irrelevant
RT @Curse__tin3: Im not geting maried if its not going to be a mariage like my parents. They are stil so in love after 25 years.,irrelevant
"Kelsie I know youre not geting maried but can you make sure your house is 2 bedroms so I have somewhere to slep" Thanks Cred.,irrelevant
Se this is why I love Rory.... And were geting maried.,irrelevant
RT @zharif: people at my age are geting maried.here I am siting and thinking about my gradeshow to get money for every semesterand ab   ,irrelevant
@AliOficialUK My thoughts are with the ones who wil be geting maried on their holiday... lol,irrelevant
RT @Whitesiderz: Jacob is the funiest human on the planet. We are geting maried. Sory not sory,irrelevant
Im at that age where people from high schol are geting maried or having kids then on the news for throwing those kids over clifs. #WTF,irrelevant
@Emily_Jane True             so are we geting maried now or...,irrelevant
Im not geting maried if its not going to be a mariage like my parents. They are stil so in love after 25 years.,irrelevant
RT @TheMaeLynEfect: Is this song about being rude or geting maried I cant tel,irrelevant
"@MarvelYoung_ My bro and his fianc   reinforce my wilingnes to stay the fuck away from felings" Why are they geting maried then,irrelevant
Me &amp; Jacob Are Geting Maried Guys  Back Of bc He Doesnt Know It Yet okay okay      @JacobWhitesides,irrelevant
Jacob is the funiest human on the planet. We are geting maried. Sory not sory,irrelevant
Zac when are we geting maried ,irrelevant
Walahi iIm geting maried,irrelevant
YALI aside. When are you planing on geting maried     When I get a job &amp; a woman wiling to mary me htp://t.co/YDmDJ0iUbs,irrelevant
@RHONJTwins please dont rush geting maried over sily rude judgments from anyone else. Its your busines. Mariage is to serious.#RHONJ,irrelevant
Aparently I am geting Maried... YUS &lt;3,irrelevant
I dont think she knows it but me and   @julianehough are geting maried.,irrelevant
Im sick of how in novelas the end is always them geting maried thats not how reality works.,irrelevant
   @IamKisha_:    @MsUnique221: I cant take you serious if you got engaged today and geting maried Tuesday.......                       dont judge me                       ,irrelevant
Worst busines decision you can make is geting maried. Shel divorce you and take half of everything.,irrelevant
"@DumbSportsFan: Loks like this guy is straight up NEVER geting maried. #DumbSportsFans htp://t.co/IZJGev6IVA" @CaptainMerica10,irrelevant
@sony_sk cuz we geting maried,irrelevant
@roxy_thecat Jef: Toby is geting maried and so is dusk,irrelevant
WHENS ANTHONY AND KALEL GETTING MARRIED,irrelevant
   @MsUnique221: I cant take you serious if you got engaged today and geting maried Tuesday.......                       dont judge me,irrelevant
I am crying  Best news of my sumer @alexisreimer  MY GIRLS GETTING MARRIED      #itslikemyweding #wehavebendreaming #congrats,irrelevant
RT @shahenakhatun: So many people I know are geting maried this year,irrelevant
RT @brit_hagerty2: so cam when are we geting maried @camerondalas,irrelevant
RT @Iaughatmypain: whats stoping us from geting maried   oh right ur a chicken nuget,irrelevant
RT @PsykoUK: If any female presurised me into geting maried this is the suit Il wear. htp://t.co/4ikUhOTgUn,irrelevant
my friends childhod best friend is geting maried at 19,irrelevant
   @PsykoUK: If any female presurised me into geting maried this is the suit Il wear. htp://t.co/9jE4ylvbyw     Im spining     ,irrelevant
Everybody on Facebok geting maried,irrelevant
@BarneyStinsonHI wel unles it was a couple of litle people geting maried cuz there the size of half people so.it makes 1 whole person,irrelevant
RT @courtneyjvance: People my age are geting maried and Im over here like....,irrelevant
RT @misclarisan: I used to have that biter Im never geting maried atitude but now I actualy lok forward to the day when I have   ,irrelevant
Alisha at her bridal shower:  "Laina when are you geting maried"  "I havent had a boyfriend since sophomore year" "Right you suck at that",irrelevant
RT @Amerguapo: Meagan God made a huge mistake geting maried... She never got the chance to met me smh.. Whelp I gues its time to jus   ,irrelevant
@koridekay her and chris geting maried,irrelevant
RT @postage27: You dont know me @Taylor_Michael3 but Im engaged to @KatieDunzo and Ive heard a lot about you and youre now my favorite   ,irrelevant
Are you single     No Im engaged htp://t.co/tuMszonmd4,irrelevant
@LuxuriousDancer Dont kil por old Owain. Im engaged htp://t.co/weEcTaG9q3,irrelevant
RT @xmeganejx: I swear when Im engaged Im going weding dres shoping by myself #opinionatedfamily,irrelevant
I also get super pised of because she knows Im engaged and stil did it.,irrelevant
@NxthingSpecial Im engaged     ,irrelevant
Im engaged to probably the colest #ZTA alumn yals performance was awesome htp://t.co/jz10ic48ob,irrelevant
@mdahlia27 Ooph. My family is ofd about dating so we just kind of ignore it unles Im engaged. Im sory she reacted that way. :/,irrelevant
@ShineDoitsu Im engaged,irrelevant
In our curent economy so many people ned help Wouldnt you help them if you   could Im engaged with a... htp://t.co/AiHrB7CgDD,irrelevant
I swear when Im engaged Im going weding dres shoping by myself #opinionatedfamily,irrelevant
@mika__ Im engaged bitch,irrelevant
@ImTOBAEsGF Because Im engaged... To Masky..,irrelevant
@DPHENDRIXX Oh hel yeah bruh on FB smh man girls be in my inbox. Know damn wel they know Im engaged to but dont give a fuck.,irrelevant
EVERYONE Im engaged :-) htp://t.co/WbNe2xh7qR,irrelevant
Im engaged (@Faithangel13)              htp://t.co/ucn7ijpXt,irrelevant
Cant believe Im engaged              #surprised #fianc   #loveit,irrelevant
I stil cant believe Im engaged. @TomOConel1                 ,irrelevant
You dont know me @Taylor_Michael3 but Im engaged to @KatieDunzo and Ive heard a lot about you and youre now my favorite #MLB player,irrelevant
Its true Im engaged          htp://t.co/Xr95ZMY4Ue,irrelevant
Bitches Be Like "Im Engaged. I Love My Man He Beat My As Put Me Out Cheat Hit My Kids Take My Phone      Were So In Love"              ,irrelevant
Ctfu I ben teling these nigas Im engaged I aint got time     ,irrelevant
RT @MegVaMe: "I got you a plate of cake"  So guys loks like Im engaged now.,irrelevant
@rody_edelstien *smiles* I havent had time to tel gil but Im engaged ti,irrelevant
@RobinEremuw  Im 17  and unlok cute and Im girl nut Im engaged,irrelevant
Guys its oficial. Im engaged to Rodrigo htp://t.co/coxHVu445R,irrelevant
@TheMaiaMitch big news: bitch im engaged,irrelevant
IM ENGAGED As of yesterday :),irrelevant
Im engaged,irrelevant
Im engaged to Iris,irrelevant
Im engaged      @dede_suton14,irrelevant
now its going to lok like Im engaged it got stuck on the wrong finger,irrelevant
Im gona pretend Im engaged and start making apointments at bakerys just so I can have fre cake tastings.,irrelevant
@Ketchup_Mikachu Im engaged,irrelevant
Got asked out twice at Godwil... One of them asked if it maters that Im engaged      #goaway,irrelevant
Delighted to anounce Im engaged to @ForeverYoung78_. Wil be loking for bits on the side though so send in your CV and Il consider you.,irrelevant
RT @TwinoEma: Dude a guy cant subtwet me pased 11pm. Im engaged lol  RT"@seru25: What started this bef btn Twino &amp; Sera",irrelevant
Dude a guy cant subtwet me pased 11pm. Im engaged lol  RT"@seru25: What started this bef btn Twino &amp; Sera",irrelevant
@FancyHairDoctor Im engaged to one of your counterparts.,irrelevant
"@BatmansWriter: @FuzyTerBear Hes the creature of my night."  guys Im engaged stahp youre embarasing me,irrelevant
@TrenchcoatDoc Thats okay Im engaged to one of your counterparts.,irrelevant
@IgnorantAF  Im engaged lol and in colege htp://t.co/zfht37ZNjC,irrelevant
@TrenchcoatDoc Im not realy going to do it Doc. Im engaged.,irrelevant
Im Engaged             ,irrelevant
Anonymous said: Im engaged but am thinking about cheating. htp://t.co/jOHtzHw0mk,irrelevant
So like Im engaged ^.^ it hasnt hit me yet,irrelevant
RT @wiIdflouwers: Im engaged holy htp://t.co/NAOESUVFjv,irrelevant
Im engaged holy htp://t.co/NAOESUVFjv,irrelevant
changed bio... Im engaged now,irrelevant
Anonymous said: Im engaged but am thinking about cheating. htp://t.co/YRV6lm8U1i,irrelevant
Stil cant believe it. Im engaged #engagement #cute #awesome,irrelevant
Im engaged                #helikedit #soheputaringonit htp://t.co/AuCrCG3iS1,irrelevant
RT @EbonyPornVideos: Anonymous said: Im engaged but am thinking about cheating. htp://t.co/ZUQ4uFdXOF,irrelevant
Anonymous said: Im engaged but am thinking about cheating. htp://t.co/ZUQ4uFdXOF,irrelevant
Anonymous said: Im engaged but am thinking about cheating. htp://t.co/tbLSIJ1kzk,irrelevant
Anonymous said: Im engaged but am thinking about cheating. htp://t.co/R0Z20S74Ee,irrelevant
RT @BlackThots: Anonymous said: Im engaged but am thinking about cheating. htp://t.co/LoJYFxAbBd,irrelevant
Sent a broadcast that Im engaged. People kept caling to congratulate and ask questions. I had no idea what had hapened. #Pranks,irrelevant
Anonymous said: Im engaged but am thinking about cheating. htp://t.co/lByocw2Qa0,irrelevant
Anonymous said: Im engaged but am thinking about cheating. htp://t.co/LoJYFxAbBd,irrelevant
Im engaged guys         ,irrelevant
@Crowleypants Im engaged though,irrelevant
Girls What kinds of um... Qualities u want in the Guy u want to mary: Im engaged and i Read More,irrelevant
@Many521 sory Im engaged,irrelevant
Photo: I   m Engaged htp://t.co/506VJhpw3a,irrelevant
Im Engaged htp://t.co/ur4fd58p9H,irrelevant
In one taged facebok picture with a boy and sudenly I swear my family thinks Im engaged,irrelevant
IM ENGAGED,irrelevant
Im engaged to Klaus noboy scares me. *laughs and taps @LadyStaceyWyats nose* Youre safe with me.,irrelevant
@SarahDugers I think thats the number I lost when I said Im engaged,irrelevant
@LyleLovet @thenotabeauty @duchesgoldblat So does that mean Im engaged to a Duches... ah royalty.,irrelevant
Buzfed thinks Im engaged....absolutely not,irrelevant
Frankly im engaged and son to be maried.. helo.,irrelevant
@insanevanity_ but im engaged with him,irrelevant
Bitches be like "I dont do relationships". Known a guy for a month...  #picture "Im engaged    " Oh yeah you dont do relationships huh,irrelevant
RT @charstarlene: IM ENGAGED In ilegal activity,irrelevant
im engaged to be alone,irrelevant
Was asked multiple times this past wek if Im engaged. To clear that up NO Im not. Sily misunderstanding @ecarp_ @sydneyhayes,irrelevant
Aw.. The guy in front of me paid for my #starbucks       but.... Im engaged. #sory         ,irrelevant
@colegeKid18 luckily 4 everyone Im engaged     ,irrelevant
@RubyChan228 @tetsuowl Yeah I   m engaged acording to that quiz    Also I had to gues what PDA is.,irrelevant
Im engaged              htp://t.co/RQ148q9Cjw,irrelevant
RT @CourteneyCox: I   m engaged to him htp://t.co/gsFtZkb3Bk,irrelevant
RT @Georgehoney2: So hapy Im engaged to my beautiful baby mother,irrelevant
So hapy Im engaged to my beautiful baby mother,irrelevant
Im engaged guys     ,irrelevant
RT @Melodic527: Im engaged to a woman whos in love with herself #somethingnew #waitonit #artist,irrelevant
@Erin1157 Im engaged in a similar activity.,irrelevant
Why does everyone sudenly think Im engaged I have al my family uploading congrats status and several mesages,irrelevant
Story of my life. Everyone thinks Im engaged lol. Litle do they know      htp://t.co/SB5zwRSFqG,irrelevant
@amazingbalz haha yes Im engaged already. :D,irrelevant
A data bok with a chapter title: Death by a Thousand Mehs. I   m engaged already #Dataclysm,irrelevant
RT @Ata_Sarwar: Plot Twist = Im Engaged ,irrelevant
Im engaged to my best friend This wekend was amazing. It was wonderful having my family with us    htp://t.co/V8AgOdTayl,irrelevant
My idiot friend told me the game was going to start at 9 p.m. Times like these Im glad Im engaged to someone whos into fotbal.,irrelevant
Its oficial. Im a doctor Also oficial Im engaged What a great wekend #Calmedoctor #Isaidyes,irrelevant
Hahaha @Buzfed thinks Im engaged htp://t.co/z139gDWKv2 ... ha ha ... ha ... :),irrelevant
Damn I want Shailene to write a spech and anounce it at my weding,irrelevant
When I get maried someday al of the music at my weding is going to be Migos. Gona walk down the aisle with Fight Night playing,irrelevant
I want to have @realjohngren write my weding vows.,irrelevant
RT @_Weding_Porn: Someday I hope someone catches this lok at my weding. htp://t.co/zFjs65C4s,irrelevant
RT @espinsosatho: SHAILENE PLEASE SPEAK AT MY WEDDING HOLY SHIT,irrelevant
They thought this was my weding party. LOL.,irrelevant
SHAILENE PLEASE SPEAK AT MY WEDDING HOLY SHIT,irrelevant
Lol I stil ben planing my weding,irrelevant
Having a argument with my sister about who wil be my maid of honor in my weding She doesnt want to share the title with anybody else.,irrelevant
RT @haikelsey: @Kay_De96 @BestTextMsgs I take that back I totaly wana se you be the one to speak out at my weding. :p just like we p   ,irrelevant
Just heard this on the radio. I sang this at my weding.  I love this song. htp://t.co/uPPUusGr4u,irrelevant
Why dont I get a say in my weding #confused #wedingplaner,irrelevant
Must have for my weding idc idc idc htp://t.co/LyeTPV3O4Q,irrelevant
RT @fcxi_:    @GraiceElizabeth: Davido - Aye wil definitely be played at my weding             foreal            ,irrelevant
I dont want dhol players at my weding.... I want a DJ,irrelevant
RT @NSav24:    @RoCountsOnKobe: Lets get maried remix wil be my weding song...    *our             ,irrelevant
   @RoCountsOnKobe: Lets get maried remix wil be my weding song...    *our             ,irrelevant
RT @RhysLikeFries: Is it ratchet that I want my weding dance to be the shmoney dance             ,irrelevant
Faning ur pusy ba "@mis_Andrey: @I_pisVodka ul be one of the people faning me at my weding im sure",irrelevant
RT @WedingCatcher: I want a pofy weding dres on my weding day htp://t.co/J6Gkid1OO,irrelevant
RT @Underchilde: In my weding toast I recomended the bride &amp; grom freze the top tier of their weding cake &amp; save it for when their di   ,irrelevant
RT @GraiceElizabeth: Davido - Aye wil definitely be played at my weding         ,irrelevant
   @GraiceElizabeth: Davido - Aye wil definitely be played at my weding             foreal            ,irrelevant
   @_Weding_Porn: Someday I hope someone catches this lok at my weding. htp://t.co/PNvaP4xEr6   ,irrelevant
Ive already planed my weding on Pinterest. Yet I am single. Not even mad.,irrelevant
TPOSE DANCE AT MY WEDDING,irrelevant
Flower girl for my weding wil be @Vetra_,irrelevant
RT @vicksxo_: my weding song         ,irrelevant
RT @Uglypeopleunite: me on my weding day: you stil like me right,irrelevant
My weding was a wek ago... Da fack     ,irrelevant
Davido - Aye wil definitely be played at my weding         ,irrelevant
RT @Gifty_Presenter: OIIII my weding song  Davido - aye        #AfrobeatsWithAfroB,irrelevant
RT @Capt_Morgan48: I wil die before I alow my weding to have its own hashtag,irrelevant
Gota make enough money in life to have Kanye preform Bound 2 at my weding..love him.,irrelevant
RT @mindykaling: "@Scholastic: Another #hungergames fan uncovered RT @mindykaling: I ned a Peta Melark" Yes. Can Cina style my weding   ,irrelevant
Or the ignorant ases who think Im another statistic (black girl who got knocked up/single mom) because I dont wear my weding ring and/or,irrelevant
Is it my thanksgiving My birthday Christmas My weding day No Then Im not interested.,irrelevant
RT @Geanina_26K: I want my weding dres made out of divorce papers.,irrelevant
Im Planing Kk Baby Shower &amp; She Planing My Weding         ,irrelevant
v. 3005 wil hands down be my fav song ever im playing it at my weding.,irrelevant
curently planing my weding with Rory,irrelevant
@_HeGotGame32 lol shes singing this at my weding.,irrelevant
RT @louteasdale: Ive done a tutorial How to do my weding hair      htp://t.co/BdHj3mZOIR,irrelevant
@I_pisVodka ul be one of the people faning me at my weding im sure,irrelevant
My weding song #AfrobeatWithAfroB,irrelevant
Geting my weding on with the litle brother htp://t.co/Y8nG1jg2Kr,irrelevant
@Klavenda hury up and get in so you can make my weding,irrelevant
RT @WedingPornx: Someday I hope someone catches this lok at my weding.      htp://t.co/2od29Mufrn,irrelevant
@TomBeach @FunyVines play this at my weding,irrelevant
RT @StaraAngele:    @WedingCatcher: I want a pofy weding dres on my weding day htp://t.co/tJchuGhd9   @JKatAngel    ,irrelevant
This song WILL BE in my weding ,irrelevant
RT @reIatabIe: Someday I hope someone catches this lok at my weding. htp://t.co/wvIk92iI5C,irrelevant
OIIII my weding song  Davido - aye        #AfrobeatsWithAfroB,irrelevant
Can I go ahead and plan my weding on pinterest or is that to weird,irrelevant
my weding song         ,irrelevant
lauren refuses to go to my weding because she thinks Im going to mary someone ugly     ,irrelevant
My Weding Photos #3  htp://t.co/EM7LOGkHSh  #jenel #naturalhair #KCCM,irrelevant
RT @Kirkpatrick_29: @drew_hal23 You swag hound you...... Congrats brother Im so hapy for you Dont forget my weding invitation Lol,irrelevant
Having like 5 cakes at my weding.  Strawbery buter pecan white bluebery and coconut.         ,irrelevant
RT @SicilianInHels: Gota hear International Players Anthem at my weding or the mariage aint legal.,irrelevant
RT @belesandbelas: On my weding day a slideshow wil apear with pics of me from this sumer on @Jonisem @Rachel_axl @Camiliye &amp; @_The   ,irrelevant
Found someone to sing at my weding      whenever it is...,irrelevant
the pl that RTd that are the tru MVPS and wil be invited to my weding,irrelevant
I ned to incorporate @staindmusic into my #weding but where First dance is taken. Maybe as I walk down the aisle Decisions decisions,irrelevant
@drew_hal23 You swag hound you...... Congrats brother Im so hapy for you Dont forget my weding invitation Lol,irrelevant
     Sing at my weding please      htps://t.co/X5aTHvY7Gb,irrelevant
RT @ChiOmega_WVU: Congratulations to our wonderful sister @hairy_mairy on geting engaged today  Were so hapy for you              ,irrelevant
RT @raetothewyn: Oh em ge. Were grown ups. @christiepaige &amp;I maried Keaton is pregnant and now @beachnerbum is engaged Ee #love #ha   ,irrelevant
My sister just got engaged And I am so hapy for them.     ,irrelevant
Oh em ge. Were grown ups. @christiepaige &amp;I maried Keaton is pregnant and now @beachnerbum is engaged Ee #love #hapy #congrats,irrelevant
To be hapy with your partner you ned to be deply engaged with each other AND deply engaged with yourself. htp://t.co/kzVkXgVgwR,irrelevant
the migraine and i are very hapy together. were geting engaged. youl al be recieveing the weding invitations any day now i expect,irrelevant
Lmao people think Im stupid for geting engaged at 18 but I found the person I wana spend the rest of my life with. Be hapy for me.,irrelevant
Photo: larahorendoushadocki: YOOOO I GOT ENGAGED GUYS OH MY GOSH IM SO HAPPY FOR YOU THE WORLD... htp://t.co/alEobIePVw,irrelevant
RT @IsabelCisterna: Just the thought of the upcoming municipal elections makes me hapy. The posibility of having some new caring  &amp; engag   ,irrelevant
my friend Brenda just got engaged Im so hapy for her     ,irrelevant
RT @kaleighshanon_: Stil so hapy for my best friend Shes engaged Congrats guys love yal @braideham @timhicks_470 htp://t.c   ,irrelevant
My sister just got engaged So hapy for her and my future brother in-law Hari               htp://t.co/V9ZDNa2aTT,irrelevant
RT @morgan_brant: So excited and hapy that my sis @dwarner93 got engaged                 congrats to you and @natelawler6      love you so much       ,irrelevant
Its my grandmas birthday so I sang to her "hapy birthday to you youre not 102 I hope you live to that age so you can se me engaged"      ,irrelevant
My very best friend is engaged and I couldnt be more hapy for her I love you @KayDavie10                           ,irrelevant
My friend just got engaged yesterday. Hapy for the dude. Known him since Sophomore year.,irrelevant
Why is it that al Im seing in on my news fed today is either wedings someone geting engaged or hapy couples #goaway,irrelevant
RT @heymeg_HAN: Everyones geting maried or engaged and Im just over here being realy hapy for them,irrelevant
@quencareslays  i noticed it after they got engaged she was al about him... Im woried Im hapy for her but I hope she dont stop workin,irrelevant
Coment: "If you knew anything at al if you were the least bit engaged or   "     Libertarian Soldier htp://t.co/wpQmysVGz4 #p2 #tcot,irrelevant
Cant believe that my cousin is engaged The weding is a few years away but I am hapy as long as he is hapy     ,irrelevant
Congratulations to our wonderful sister @hairy_mairy on geting engaged today  Were so hapy for you              ,irrelevant
yay so hapy for my dad for just geting engaged        ,irrelevant
@ChristineOnNews helo Christine hapy sunday gorgeous wow engaged so hapy for you,irrelevant
Everyones geting maried or engaged and Im just over here being realy hapy for them,irrelevant
I know I should be hapy for my brother geting engaged but I know my brother and this just isnt him...,irrelevant
Oh my gosh my best friends are engaged So hapy for you @kgkoel               ,irrelevant
My cousin Patrick got engaged to his girlfriend tonight &amp; Im hapy about it but pure guted am no the only lasy in his life anymore             ,irrelevant
Another friend engaged another hapy person. Congrats.,irrelevant
RT @roachyroach_: So ... everybody i kno engaged hapy for some but some of yal .... just na it cant be lmao who u putin on for,irrelevant
So hapy Den Den and Lynder are finaly oficialy engaged         ,irrelevant
My heart is so filed with joy. So hapy two very special people in my life whove become engaged             ,irrelevant
My coworker JB Fresh got engaged Im so hapy for him,irrelevant
So ... everybody i kno engaged hapy for some but some of yal .... just na it cant be lmao who u putin on for,irrelevant
Yeah you are My sister is ENGAGED So hapy for two of the weirdest people I know Cant    htp://t.co/AKXznT0nYd,irrelevant
I am so soft.. My best friend got engaged &amp; I cried like harder than I should have. Im so hapy LOL     ,irrelevant
So one of my KMSS sisters got engaged over the wekend and Im siting here watching Dr Phil. But SO HAPPY FOR HER OMG,irrelevant
RT @Cody_Carol37: Congrats do my BFF @DGE_DrinksOnMe for geting engaged today to @ChaneleSpaldin hapy for you guys,irrelevant
RT @sexualylester: This girl who im friends with on facebok got engaged to her girlfriend recently and i am so hapy for them,irrelevant
Cant believe my sister got engaged on her 23rd birthday. So hapy that youre so hapy      htp://t.co/yDSNxkVuaJ,irrelevant
@joana_pot gud morning guy im so hapy na engaged with marian at dingdong tear of joy na ako #congrat #dongyan we love you #hapybdaymarian,irrelevant
So excited and hapy that my sis @dwarner93 got engaged                 congrats to you and @natelawler6      love you so much       ,irrelevant
On a serious note congrats to al those who recently got engaged or maried..Im realy hapy for you &amp; I hope to be in your shoes someday,irrelevant
htp://t.co/pzugmN1Z2d     literaly so so hapy I cant even explain how fucking hapy i am  im engaged to my do... htp://t.co/vTLfiQn1MF,irrelevant
Our midle part is ENGAGED SOO hapy and excited for her...also so hapy to not have to kep this    htp://t.co/4fjsZoyc84,irrelevant
Congrats do my BFF @DGE_DrinksOnMe for geting engaged today to @ChaneleSpaldin hapy for you guys,irrelevant
no im fine im totaly col with the fact that 4 of my cousins (ages 19-24) are engaged to hoties. im not jealous at al im hapy for them,irrelevant
My best friend got engaged this wekend. I am so hapy even though I fel incredibly unwel at the same time #engagement,irrelevant
My fav cousin is engaged and Ive never ben so hapy in my life      htp://t.co/MhbFDohe87,irrelevant
Were hiring Were loking for a motivated engaged &amp; hapy Crew Member for our Kitchen #yql Send resume plu@umamishop.fr or drop by,irrelevant
My best friend just got engaged So so hapy for her &amp; her Mr. Weding time :D #ilovewedings,irrelevant
RT @botytraplord: im hapy for everyone geting engaged. its god that youve found someone who you want to spend the rest of your life    ,irrelevant
Loved @E4Chelsea tonight so hapy its back But what has myton ben up to Hm. Nyc is the best cos I got engaged there      #MiCNYC,irrelevant
My litle bro got engaged Im so hapy and proud of him man         ,irrelevant
So hapy for my sister. Shes finaly engaged and son to be maried               htp://t.co/yzKCjiJjUr,irrelevant
RT @Rece_Mead: @CharCurling stil so hapy I engaged in conversation over an ice cold pint with deano and nana curling yesterday,irrelevant
RT @CamileLbaz: #tb to when I got engaged to this amazing guy 3 years later Im stil hapy I said yes #besthusband    htp://t.co/uXI6GCV   ,irrelevant
4 rules to be hapy w/women 1- dont get her pregnant 2-dont get engaged 3-dont get maried 4-if al failed get a great lawyer on ur side,irrelevant
So hapy for my uncle He finaly proposed and is now engaged            #familywedingtime,irrelevant
Another one of my cousins got engaged          Im so hapy for her    ,irrelevant
Seing everyone geting engaged and maried makes me so hapy                 ,irrelevant
Lol believe it or not she is engaged.....                      so hapy for my dear friend. I think Im more    htp://t.co/MtT0lM6ktF,irrelevant
My fave Filipino ship just got engaged          Im so hapy      htp://t.co/Mculxavpva,irrelevant
@CharCurling stil so hapy I engaged in conversation over an ice cold pint with deano and nana curling yesterday,irrelevant
RT @acewelb: Got engaged to this beautiful girl tonight @00_ac Thank you for saying yes. Im so hapy htp://t.co/IGTO0xN8Sx,irrelevant
This girl who im friends with on facebok got engaged to her girlfriend recently and i am so hapy for them,irrelevant
im hapy for everyone geting engaged. its god that youve found someone who you want to spend the rest of your life with. i fel that.,irrelevant
My mom just got engaged today and I honestly couldnt be anymore hapy for her.             ,irrelevant
So excited and overly hapy ah            #engaged 9.8.14 #hilvaley htp://t.co/eCPehJB6gm,irrelevant
5 Inexpensive Ways to Kep Employes Hapy htp://t.co/V9wQWaku0A,irrelevant
5 Inexpensive Ways to Kep Employes Hapy htp://t.co/t3JmkQVZoR,irrelevant
5 Inexpensive Ways to Kep Employes Hapy htp://t.co/qDYkfENxdJ,irrelevant
5 Inexpensive Ways to Kep Employes Hapy htp://t.co/5BLrDOvXf9,irrelevant
My Mama Budha is engaged So crazy but Im hapy for her :)         ,irrelevant
I am surounded by engaged people and its as anoying as crap. Stop being so hapy,irrelevant
These two crazies are engaged Im so hapy for you both. I cant wait to have another SIL Love you htp://t.co/kVWsMbB4UJ,irrelevant
Ah my bos is finaly engaged So hapy for her          and her ring is gorgeous,irrelevant
A huge and hapy shoutout to my sister and Tyler geting engaged. Cant wait to celebrate your    htp://t.co/MUGGRybpx6,irrelevant
MY BROTHER JOHN GOT ENGAGED IM SO HAPPY         ,irrelevant
My gorgeous colege romate / BFF is engaged So hapy for her and her fianc  . &lt;3 htp://t.co/dmfLRRxoI3,irrelevant
My girl @theraygirl is engaged So hapy for the both of you :) may God bles your future together @TheVosMan #myfaves,irrelevant
RT @KcLorincz: My sister is engaged So fucking hapy,irrelevant
I think its national "hey I went to St.Croix &amp; I just got engaged" month,irrelevant
3 people got engaged this wekend         ,irrelevant
@ShortBosyOswin A few times.. Acidentaly got engaged to Marilyn Monroe once.,irrelevant
Lititz PA shocker this is where we got engaged htp://t.co/4W98uUa4jH via @WSJ,irrelevant
@RuselOliveiro They got engaged at the end of season 7 dey,irrelevant
My best friend in the entire world just got engaged. I Love you man. If you love her I love her    htp://t.co/Oei4wCnPb8,irrelevant
RT @megejohns: @KVask_13 I died a litle inside when he got engaged now I have hope..I just ned him to find me     ,irrelevant
Hel yeah my cousin just got engaged which means I get to atend another weding                     ,irrelevant
@KVask_13 I died a litle inside when he got engaged now I have hope..I just ned him to find me     ,irrelevant
RT @Salon: The kis that ended my engagement: "I got engaged... and then I got a crush. On a woman." htp://t.co/pW0oMPNX7O,irrelevant
@AlexPetakas @DrewOlsonMKE @BrianHagel somewhere Tiger just got engaged sent out invites than canceled the weding #@McIlroyRorydomination,irrelevant
@chekinsl07 yeah they got engaged in May,irrelevant
RT @hanafahmy98: @sajalrubaiey I had a dream that you got engaged and ur fam didnt tel anyone til a year later,irrelevant
@sajalrubaiey I had a dream that you got engaged and ur fam didnt tel anyone til a year later,irrelevant
Rory didnt win a single thing once he got engaged. Dude was nothing. Post-breakup he cant lose. I Ben saying it for years girls suck.,irrelevant
RT @MsUnique221: I cant take you serious if you got engaged today and geting maried Tuesday.......                    ,irrelevant
first thought when y   al got engaged was to post a pic and forgot to say yes huh,irrelevant
The acrobats at the renaisance faire got engaged during their show...it was sickly cute,irrelevant
RT @toshamack_ent: Wait lmao RT @MsUnique221: I can   t take you serious if you got engaged today and geting maried Tuesday      .                    ,irrelevant
My super idol got engaged with my super idol @iamdongdantes #dongyan                              htp://t.co/uW3kY2qQ1c,irrelevant
Wait lmao RT @MsUnique221: I can   t take you serious if you got engaged today and geting maried Tuesday      .                    ,irrelevant
I cant take you serious if you got engaged today and geting maried Tuesday.......                    ,irrelevant
RT @uswekly: True Blods Jim Parack got engaged to Leven Rambin two months after spliting from his wife: htp://t.co/Ig0fjliMvu htp://   ,irrelevant
In other news another one of my clasmates got engaged today.,irrelevant
I just watched a movie about how a couple got engaged for 5 freaking years then they split up and got back to each other an year later.,irrelevant
RT @austinjrandal: AHHHHHHH MY COUSIN GOT ENGAGED TONIGHTkjsjKSIa k@wkwLOMG                                htp://t.co/RbRRaUlQIj,irrelevant
MY COUSIN JUST GOT ENGAGED                                ,irrelevant
I thought I was single...then 4 people I know got engaged this wekend. Now Im just screwed. #tomuch #youcantevendrinkyet,irrelevant
The couple that just walked into the Continental  just got engaged at Love Park. So cute.       brings back memories of the best day of my life,irrelevant
Im so lonely especialy since some of my friends just got maried and one just got engaged :/  makes me wish I had someone,irrelevant
MY BROTHER AND HIS GIRLFRIEND JUST GOT ENGAGED                 ,irrelevant
Hafiz got maried Shafiq got engaged. People sure are moving fast.,irrelevant
RT @YikYakAp: Oh lok someone else just got engaged Can I bring my cat as my plus one to your weding in case I forget how single I am   ,irrelevant
JUST GOT ENGAGED AND LOOKING FOR GREAT ENTERTAINMENT FOR YOUR WEDDING RECEPTION THEN HERE IS A GREAT BAND WE ARE... htp://t.co/Ba4Vkdiofv,irrelevant
Sounds like @DHola24 got engaged il be sure to congratulate you Tuesday by riping thre own goals in on ya budy,irrelevant
My tia just got engaged and wants to get maried in December......,irrelevant
im stil crying over the couple that got engaged at the saturday hxh photoshot it was so cute,irrelevant
my first-ever friend got engaged tonight. #youcare,irrelevant
Found out my cousin just got engaged. Praying she doesnt ask me to be a bridesmaid.,irrelevant
Sister got engaged today and my first thoughts were OPEN BAR RECEPTION MOTHER FUCKER,irrelevant
Oh yeah and finding out your brother just got engaged to the best girl ever. Congratulations @TheHeadPoncho and Christina Vargas.,irrelevant
My best friend got engaged this wekend and Im realy sad I wont be around for al the weding planing.,irrelevant
Kim got engaged yesterday and we are already planing the weding lol,irrelevant
RT @kaylinphilips7: so I had a dream last night that @gabykelet got engaged    ,irrelevant
so I had a dream last night that @gabykelet got engaged    ,irrelevant
Ik at least 3 people who got engaged this wek. Am I mising something here,irrelevant
2 diferent pl I know got engaged today         ,irrelevant
#DearSalonForum RT@Salon: The kis that ended my engagement: "I got engaged... and then I got a crush. On a woman.",irrelevant
One of my cousins finaly got engaged YAS. I wana met this fianc   of his.,irrelevant
Today one of my very best friends got engaged to the man of her dreams I am beyond excited for them    htp://t.co/Zhpoh9ZSvB,irrelevant
The kis that ended my engagement: "I got engaged... and then I got a crush. On a woman." htp://t.co/pW0oMPNX7O,irrelevant
The kis that ended my engagement: "I got engaged... and then I got a crush. On a woman." htp://t.co/OrTl8OEcuB,irrelevant
I think its national get engaged day because several people got engaged today. #weird #whyistodaysospecial,irrelevant
"@OfANobleKind: Truth or Dare ... The last time I played that Jef got engaged." dare you to make Jason do something stupid to Percy bye,irrelevant
Truth or Dare ... The last time I played that Jef got engaged.,irrelevant
I think everyone got engaged this wekend. #balandchain,irrelevant
Four people just got engaged on fb within an hr of one another what is hapening,irrelevant
So Max just got engaged and Im just chilin here popin with the dor open because I think its stil funy #SuperMature,irrelevant
Huge congratulations to my romie @Cambasador21 who just got engaged,irrelevant
Zayn and Perie got engaged almost a year ago wtf time flies,irrelevant
Im the age my mom was when she got engaged    ,irrelevant
This day a year ago I got engaged this day this year I got broken up with,irrelevant
RT @_BriTwets: @Josepingu69 @2cbruna thats what Im saying . Or it could have ben the day that they got engaged or maried.,irrelevant
This couple got engaged and maried 6 months later. Didnt kis once for the whole 6 months. Only when he kised the bride #ToCute,irrelevant
One of my exs just got engaged..... hm... thats okay I got a new laptop.,irrelevant
@MeandMB_4_life my friend loved him til he got engaged,irrelevant
@cloney_cloney I got engaged in April wil wed in Vila Regina 09/26/14 maried previously but finaly found The One. Yay to You &amp; I.,irrelevant
This day got crazy man..my sister realy got engaged     ,irrelevant
Such a cute day today    christening and sister has got engaged        ,irrelevant
Sister just got engaged... Oh boy here comes the planing of the weding #bridezila,irrelevant
Someone got engaged during the church service               #colesthingever,irrelevant
Congratulations to my cousin who got engaged today     . #Cousin #Family #Cuz #Fam #Engagement    htp://t.co/zbMfEOGMx6,irrelevant
My boy Serge got engaged. Whoa. Congrats to him &amp; his..,irrelevant
Whut She just got engaged yesterday Totaly didnt expect that. There goes my another longtime crush.         ,irrelevant
This lady at my job got engaged today it was so cute         ,irrelevant
an old friend got home from her mision Wednesday and got engaged today. #vomit #mormonprobs,irrelevant
I just got engaged     .,irrelevant
"Zayn WHOS MUSLIM tweted about palestine a few days ago" "Muslim member of One Direction Zayn Malik got engaged"  freaking ANNOYING,irrelevant
The @AMCTheatres we got engaged in is now #AMCprime So col to go back      #MovieTrailerProposal #ShareAMC #KC htp://t.co/izeZ1KZEAC,irrelevant
You knew this guy for a wek and got engaged dont be mad at me for being honest that you rushed and when shit gets bad youl se,irrelevant
why are people in my timeline saying zoe and alfie got engaged what,irrelevant
@ToGoden16 @GetsThruBuckner I got engaged up there,irrelevant
Today these beautiful beings got engaged Many thanks to the friends and family that participated in    htp://t.co/ykconuIMtg,irrelevant
Everyone I went to high schol with either had a baby got maried got engaged or moved in together and Im over here like... .... .... oh,irrelevant
RT @Michael5SOS: *gets sen with someone of the oposite gender* *is now maried to them with 3 kids and a dog named scrapy with only 3 le   ,irrelevant
RT @ibid78: I say potato you say potato. We are now maried in the state of Idaho.,irrelevant
@NaiveMk i think i should have link because by the Law were now maried. DEAL WITH IT,irrelevant
RT @NoxiousGLHF: Helo I am Noxious and I am now maried to the awesome woman that has ben sharing her life with me for five years now.    ,irrelevant
I cant believe that a guy I dated les than a year ago is now maried to another girl... It just blows my mind.,irrelevant
"Al my besties are now maried." via @hapier htp://t.co/9oGIBenzC,irrelevant
"@Michael5SOS *gets sen with someone of the oposite gender* *is now maried to them with 3 kids and a dog named scrapy with only 3 legs*",irrelevant
My beautiful cousin is now maried #PalosVerdes #Catalinaview htp://t.co/RuyDhNtNVE,irrelevant
Shes now maried and you not gona play with him     @slepybonedavis: N a lame as niga stole my chick         now she engaged n pregnant   ,irrelevant
@banerite ME TOO Single working mom. Now maried stay at home mom. My grandmother was a maried working mom til forced to retire 4 med rea,irrelevant
You are now maried you may now hit the blunt #wedweding              @cronebritany,irrelevant
@rileygrace30 just acept the fact that your husband is now maried to the gang,irrelevant
   @11snial: me and lean are now maried    ,irrelevant
me and ines are now maried ,irrelevant
Both my sisters are now maried  Me on the other hand          htp://t.co/bCqA9dPTMa,irrelevant
@blackjeanedluke @Luke5SOS shes hot. Acording to Alec Im mama June. Im now maried to Luke. YES IM MARRIED TO LUKE. LIFE=COMPLETE.,irrelevant
@blackjeanedluke @Luke5SOS so Luke is now maried to honey bo bos mum. News to me. Oh.,irrelevant
RT @AvengingXmen: Wel everyone is geting maried on twiter and now so am I I am now maried to @grovy_profx  htp://t.co/SZLNsePkYO,irrelevant
Wel everyone is geting maried on twiter and now so am I I am now maried to @grovy_profx  htp://t.co/SZLNsePkYO,irrelevant
@iJDBsbelieber @DatCandianGotMe aw so we are now maried and got babies,irrelevant
#courtneyandryan #weding #justmaried @ MKJ Farm htp://t.co/JbOMUnFcYe,irrelevant
Enjoying maried life. #justmaried   @madelineis1,irrelevant
#Nevertold for a #bouncycastle right jesyjewls #justmaried htp://t.co/7jPOIsI7T,irrelevant
Get your #welies out this #wedings on a #farm #justmaried nikswain jesyjewls htp://t.co/8EEiLmwMIW,irrelevant
RT @ToriWebster: This couple just walked out of Central Park. This is so precious. What a dream. #JustMaried          htp://t.co/ipfFxVIAFz,irrelevant
Yay Basebal              #HoneyMoners #JustMaried #Angles-RedSox #SoxWon #ILoveKarson htp://t.co/PCEYQKCpSY,irrelevant
Such a great wekend celebrating Stephen and Alex #justmaried #thenewsulivans2014 @ Academy of Our    htp://t.co/K6tmc74M1u,irrelevant
#JustMaried htp://t.co/1k6K2iBkoV,irrelevant
Just Maried Cambridge MA #photography #stretphotography #cambridgema #mariage #justmaried htp://t.co/dKVG519d5Y,irrelevant
#justmaried htp://t.co/O5xLNZVSbC,irrelevant
Congrats #justmaried #weding #thisisagodsign htp://t.co/0W94RGvw4J,irrelevant
#Huby #JustMaried #NewYork #LoveThisMan #LoveOfMyLife mrpapicervantes #HoneyMon @ Time Square    htp://t.co/KUpNYCkMIL,irrelevant
RT @GretchenSweden: Omg My friend @spedo_pop is in the @nytimes Tomi Salmela Gregory Peterson htp://t.co/YVaCDR9P9t #justmaried #cong   ,irrelevant
Omg My friend @spedo_pop is in the @nytimes Tomi Salmela Gregory Peterson htp://t.co/YVaCDR9P9t #justmaried #congratulations,irrelevant
Riding out in style jeloelo11 #justmaried #rolsroyce htp://t.co/QVawU4bCLP,irrelevant
Honeymon selfie #selfie #justmaried #honeymon #atlanticity htp://t.co/SeCZZn5VEj,irrelevant
This couple just walked out of Central Park. This is so precious. What a dream. #JustMaried          htp://t.co/ipfFxVIAFz,irrelevant
@RosehilLodges Just boked a wek in September for our "mini-mon" canot wait Save a lil bit of sun for us... #justmaried,irrelevant
#justmaried htp://t.co/yBs4MF8QAf,irrelevant
First dance #weding #justmaried #firstdance #beautiful #cute #bridemaid htp://t.co/UMa7W9lg5u,irrelevant
hilary_claire                   #congratulations #justmaried #mrandmrs #love #bride #grom #hapines htp://t.co/x2P8zaKAWr,irrelevant
Congrats to my god friends @Patches_Patzen and @0scar0jeda #JustMaried @HatersluvTenday @SaysDiquan @touchmejack htp://t.co/KC553Lnf1b,irrelevant
View from our honeymon suite at #bartleylodgehotel #justmaried #newforest #newforesthotels htp://t.co/wZHBHLczZ7,irrelevant
#wedingring #engagementring #whitegold #diamonds #justmaried #newlywed htp://t.co/IyFLsxbQyf,irrelevant
Congrats big sis Much love to you and Marlon. #justmaried htp://t.co/NWmRfP8iXT,irrelevant
#bestmom #justmaried #schlospetershagen #weding #mariage htp://t.co/GoKrnYIo6C,irrelevant
#bestman #weding #mariage #schlospetershagen #mates #friends #justmaried htp://t.co/WXSiQ0t3o,irrelevant
#justmaried #schlospetershagen  #weding #loveofmylife #petershagen htp://t.co/MTtcPwgOKs,irrelevant
B   T #justmaried #burcutimucinweding #thebest #weding #bride #grom #istanbul #dugunumuzvar    htp://t.co/9n4bB7fDFD,irrelevant
RT @carlecoper: @BushWacker @Lindsay55 #cupansuck #legalsex #18withbigtitys #couldntfindthemali #justmaried #hapybirthday @Emy_Pur   ,irrelevant
#justmaried #vauxhalcresta htp://t.co/nlw7BDhelS,irrelevant
@BushWacker @Lindsay55 #cupansuck #legalsex #18withbigtitys #couldntfindthemali #justmaried #hapybirthday @Emy_Purvis44 @lovelary57,irrelevant
Photo: i-know-how-you-kis: kilian-and-ema: #JUSTMARRIED 100% HERE FOR THIS htp://t.co/txF1aA3p6K,irrelevant
#justmaried #converse #bstretshoes #handpainted htp://t.co/9F8IUogt7C,irrelevant
w/ the beautiful BRIDE             Shes so beautiful Love HER       #JackiesWeding #MrsSanchez #JustMaried    htp://t.co/d5oK87X9ao,irrelevant
#InstaSize #congratulation #justmaried #love htp://t.co/Mmrd8mYyk,irrelevant
#DavidyVero #weding #hapines #couple #justmaried                #Lok #LokVaConmigo #spg htp://t.co/67dJmnFWjW,irrelevant
#weding season cals for #gift options here is a great #wedingift for the couple #justmaried htp://t.co/9P2Zq2fIXW via @Etsy,irrelevant
@wonderwomanshel @LavaShels just had one of these on my minimon in the new forest - amazing #justmaried,irrelevant
#justmaried                  #wilenskyweding jacky_jaclyn htp://t.co/kgQkDKTXoZ,irrelevant
Honeymon leg one of aprox a bajilion #weboughtswetneckpilows #justmaried htp://t.co/BxEsULNhkN,irrelevant
RT @Enrique1: Congratulations to my cousin Coco and his wife Alondra #JustMaried #TurnDownForWhat htp://t.co/mjWgPyCaoB,irrelevant
Yesterday was Weding day. Congratulations to James and Ana Ledingham #justmaried htp://t.co/g204TVqCa4,irrelevant
RT @oakleyhal: Congratulations to Charlie &amp; James who are celebrating their weding today Al the best from everyone @oakleyhal #justmar   ,irrelevant
Congratulations Mr &amp; Mrs Gregory had a great day Friday #justmaried htp://t.co/qucH5uAWP,irrelevant
Congratulations to Charlie &amp; James who are celebrating their weding today Al the best from everyone @oakleyhal #justmaried,irrelevant
Oh twiter how I mised you but while away I got hitched #justmaried #LGBT #love #SameLove htp://t.co/JZhHJftDxG,irrelevant
Such a beautiful day #reunited #natandhanahweding #justmaried htp://t.co/oJOe48NELg,irrelevant
Congratulations to my cousin Coco and his wife Alondra #JustMaried #TurnDownForWhat htp://t.co/mjWgPyCaoB,irrelevant
My handsome husband reping the #dmv in #jamaica #husband #justmaried #honeymon htp://t.co/lgBlaSCTI,irrelevant
God morning #jamaica #justmaried #honeymon #travel #paradise #tropical htp://t.co/eGBxGds047,irrelevant
#justmaried #ravenlipy @ Wyndham Boston Andover htp://t.co/j3OchK7rjZ,irrelevant
Having our #minimon at @balmerlawnhotel. Just had a lava shel masage - afternon tea next #newforest #justmaried,irrelevant
Thank you to @NewForestHotels #bartleylodge for a fantastic weding day on Friday. Everything was perfect #justmaried #newlywed #newforest,irrelevant
An Acropolis kind of day #athens #Grece #honeymon #justmaried htp://t.co/iebUB02EJg,irrelevant
Mis Laura Lonsdale is now Mrs Laura Jones #justmaried #HapilyEverAfter,irrelevant
#nhatrang #weding #justmaried #balon @ Sunrise Nha Trang Beach Hotel &amp; Spa Vietnam htp://t.co/eNZvs8qYjB,irrelevant
#Justmaried Mr &amp; Mme Kouider   #GodLIFE #HapyDay htp://t.co/Bi3pd8hxAb,irrelevant
#JustMaried and stoping of at a drive through. LOL htp://t.co/kiUNQkDxHG,irrelevant
Latest couple alert Mr &amp; Mrs gbenga and bukola sosan. #justmaried #zaphairedreamwedingscouple... htp://t.co/X7grWGzDA6,irrelevant
Thru it ALL Im glad Im stil able to smile. #VA #darkskinisthebestskin #JustMaried      #NotMeTho          htp://t.co/WEmEqufCw,irrelevant
#wedingselfie                    #justmaried htp://t.co/C7elzQRGMv,irrelevant
RT @CotswoldCele: #hartclife comunity centre #balons #justmaried  htp://t.co/xKWpHezPFo htp://t.co/JIRdLPw3PG,irrelevant
#hartclife comunity centre #balons #justmaried  htp://t.co/xKWpHezPFo htp://t.co/JIRdLPw3PG,irrelevant
Morning Twiterverse. My husband and I are drinking tea &amp; listenin to the rain. Maried life so far is God. #justmaried,irrelevant
#justmaried  Ohmyhair hahaha htp://t.co/Xhwq1Dzedt,irrelevant
RT @ZahraAlani: #JustMaried Me and my #husband @WestSidin #KZWineLove htp://t.co/IYPufNgGmU,irrelevant
Love is in the air.. #amieremy #love #weding #couple #maried #justmaried #sanding #sunday #friends    htp://t.co/qynTCcWwEY,irrelevant
Love this detail shot of Max &amp; Brianes shoes. #yeg #shoes #swetlifephotography #justmaried    htp://t.co/R1edkhtBt8,irrelevant
Congrats Katie and Sean #justmaried #lakewarowclub #seatlecordinator #seatleweding #seatlevenue #fremont #love htp://t.co/kHqzWZnRDt,irrelevant
Love you  "@ZahraAlani: #JustMaried Me and my #husband @WestSidin #KZWineLove htp://t.co/QI4u0VMmV3   ,irrelevant
#JustMaried                  htp://t.co/zaBIHVn3nW,irrelevant
Welcome home Perezs #jtpweding2014 #justmaried #justmalied htp://t.co/hq3th35xYg,irrelevant
@Cr21Ryan #justmaried        ,irrelevant
RT @JayMacDonald: #RelationshipGoals #JustMaried htp://t.co/nUErERgISW,irrelevant
#JustMaried and in the #Army in a CPO @FordFusion - thanks to Jimy And Olivia for ur service and ur @Ford busines htp://t.co/6UW8khYbVS,irrelevant
#mrs #sign #justmaried @coastsidecouture @coutureplaner @santaluciapreserve #carmelweding #details... htp://t.co/91sr5jPKSe,irrelevant
#RelationshipGoals #JustMaried htp://t.co/nUErERgISW,irrelevant
Bride and Grom selfies #selfies #jeremyangie2014 #weding #justmaried htp://t.co/GiRFpG8EMh,irrelevant
Congratulations to Chauncey and Ivanda Canyon (: #weding #nuanuvaley #justmaried #mariage @    htp://t.co/efO6nwt3e9,irrelevant
#cakecuting #wedingday #mr #mrs #justmaried #veronicaswetcakes #blue #wedingcake @ white clifs    htp://t.co/D8CCBrHrYp,irrelevant
Con los novios #weding #boda #novios #instapic #moments #justmaried htp://t.co/Lnj5Ax4w9o,irrelevant
#Justmaried @ Altocero - Vilas Hotel &amp; Camping htp://t.co/It0JMxQdBT,irrelevant
@Carilo2121 Im maried sry htp://t.co/W2W78cGNRO,irrelevant
When I   m maried I never want to fight in front of my kids because I know I hated seing that shit.,irrelevant
@diclonius_kaori Im maried,irrelevant
RT @xexzavierx: If I end up having a daughter when Im maried bruh il beat a niga as if he hurt my girl                  my reasons for not wantin   ,irrelevant
RT @_xoxoang: When Im maried I swear my husband is going to fel like the king of the world because he wont ned for nothing but me.     ,irrelevant
Im #Maried      ,irrelevant
RT @mjohns1330: If you se me when Im older and Im maried please slap me in the face,irrelevant
Do you plan on having anymore children      If Im maried and he wants children then I would have to swalow tha... htp://t.co/N3xVRHhKCX,irrelevant
RT @natbo__:    @_girlthatsK: 69. if your a virgin when do you plan on having sex         hopefuly when Im maried,irrelevant
When Im maried I want to live in a cabin like house over loking the mountains and watch the sunsets with my husband.,irrelevant
Im maried                 ,irrelevant
when Im maried.      htp://t.co/ESOF5cOKJ7,irrelevant
Im maried     ,irrelevant
when Im maried me and my husband wil have taco rings at least once a wek bc thats like the only thing I know how to cok,irrelevant
When Im maried and have a baby I want this frame      htp://t.co/VA6Vod2Ppl,irrelevant
Im maried to Tobias Eaton. Js    ,irrelevant
What is your relationship status     Im maried htp://t.co/hApPh6SmR,irrelevant
    @Reading "anie biset : artist - SOMETIMES IM MARRIED" htp://t.co/7w5hK84MbL,irrelevant
@matprige Because Im maried to Shepard,irrelevant
@shoemybut and shes a mom. Like can I be that hot when Im maried.,irrelevant
"@Dcylighter: @Burn_TheWorld Im maried to the game.",irrelevant
When Im maried my lifes job wil be to impres my man with everything I do.,irrelevant
Im glad Im maried to a guy who takes the time to save turtles who are trying to cros the road from being hit. Hes a nice guy.,irrelevant
RT @GirlNotes: When I   m maried I never want to fight in front of my kids because I know I hated seing that shit.,irrelevant
RT @Sherly_Ortega: Cameron youre so hot but Im maried and dating so #sory,irrelevant
Cameron youre so hot but Im maried and dating so #sory,irrelevant
   @_girlthatsK: 69. if your a virgin when do you plan on having sex         hopefuly when Im maried,irrelevant
RT @alanawhite11: Idk cal me old fashioned but I absolutely wont be having kids until Im maried.,irrelevant
   @_kat_: cant wait til Im maried and can cok my husband Spanish fod    you know how to make empanadas ,irrelevant
@Burn_TheWorld Im maried to the game.,irrelevant
@landon_sturgil Il just have to wait until Im maried I think lol,irrelevant
RT @MonKskrabut: I honestly cant wait until the day Im maried and in love and am pregnant with my first child. No rush but stil excite   ,irrelevant
you know that Im maried to the money,irrelevant
RT @RRON_: Im not about that divorce life once Im maried Im maried. Anyone who grew up in a broken home knows the importance of a sta   ,irrelevant
@FetchIsAThing @Matrix278 @Tat2jones76 Wel Im maried to the game Joey. If I cant do this I have nothing,irrelevant
@LEXIaniknowit Im maried.... To dez strets.... And Hagen Daz... No particular order,irrelevant
If you se me when Im older and Im maried please slap me in the face,irrelevant
I get money I stay with it and its never leaving my side so of course i m maried to #isthatbad,irrelevant
my bigest fear when i   m maried is my husband saying "let   s stop eating sugar" so I have to leave with the kids in the midle of the night,irrelevant
RT @ericshadow: Im used to agreing with stuf I know is wrong. Im maried.,irrelevant
But Im maried to the trap.,irrelevant
@Aisetou95Ya duno y u blocked @RockinA_hosain  Dont wory Im Muslim  Im maried Im taken... Lol,irrelevant
@grindstafd3570 they pray on the por and minorities. I know not because Im maried to minority because I am big diference,irrelevant
RT @HashtagWEED: you would think Im maried to Mary Jane if you knew how much time I spent with her,irrelevant
@Sonelsz1 walk into the club like "I se you checking out my gold bracelet. Sory Im maried." htp://t.co/MzkqSednJn,irrelevant
OMG I seriously cant have guy friends So far every guy I met is trying to fuck me even when they know Im maried. Wtf,irrelevant
.@stynxno: "I fel like celebrating"  Me: "Go ahead dear" @Stynxno: "I cant Im maried",irrelevant
"I know Im maried but I cheated twice because I had to.",irrelevant
   @_xoxoang: When Im maried I swear my husband is going to fel like the king of the world because he wont ned for nothing but me.        ,irrelevant
You know that Im maried to the money.,irrelevant
RT @KoreanBoysLover: I divorced with normal life.  Im maried with KPOP I have complicated relationship with biases. I have special relati   ,irrelevant
But Im maried to Basketbal,irrelevant
When Im maried I swear my husband is going to fel like the king of the world because he wont ned for nothing but me.     ,irrelevant
@Tated_cancer lok whose talking ... Im maried and shit. Tf ,irrelevant
fun fact; Im maried,irrelevant
@bySinead would you like me to unretwet it and you can fix it (; id like to at least be out of colege before Im maried with kids,irrelevant
RT @Kris_Milwod19: Best believe when Im maried with a child I wont be twatching and cusing out high schol girls            ,irrelevant
Fuck a ring-fingering Im maried to my mind,irrelevant
cant wait til Im maried and can cok my husband Spanish fod,irrelevant
Now that Im maried more people know who I am... If only I knew them or remembered their names. #itsnothingpersonal #idontactualyknowyou,irrelevant
@MariaTrenesca @RivaiRivaile I dont want him FFS Im maried gdi,irrelevant
like btch Im maried . lbs .,irrelevant
You know that Im maried to the money                          ,irrelevant
RT @taylorapos: I cant wait until Im maried and I wont have to slep alone,irrelevant
@FlyPuci Fuck no Im not having anymore kids UNTIL Im maried     I dont want a bunch of babys dadies        ,irrelevant
Once Im maried Divorce is NOT an option,irrelevant
@BaflerMeal Im maried so its ok,irrelevant
"@glen_jojo: im maried sory gentlemen (::: htp://t.co/duFGpbpwP" ;),irrelevant
im maried sory gentlemen (::: htp://t.co/xVvkKZq31X,irrelevant
When Im maried I wil never cut the gras. I have grown to ABSOLUTELY FUCKING HATE cuting the gras and breaking out in hives.,irrelevant
@blackorpheus251 @Atwitisborn Yes that was a deal breaker.  Im glad Im maried to an enginer in the auto industry  lol,irrelevant
RT @WaysOfAthIetes: The gym is my girlfriend failure is my ex. Im maried to the game and engaged to suces.,irrelevant
@FlyGuyRel88 I mean Cherish is grown but unles Im maried Im not brining a man in my house to slep over ,irrelevant
RT @kimberlys__: Even if Im maried Im stil independent . I dont depend on no man Js .,irrelevant
Best believe when Im maried with a child I wont be twatching and cusing out high schol girls            ,irrelevant
@JamesCGrey Not if you wana kep your head. Im maried. I dont let any man but my husband into my bedrom.,irrelevant
Even if Im maried Im stil independent . I dont depend on no man Js .,irrelevant
@Paigex18      no Im maried to Miley an igy            ,irrelevant
RT @Garet_welsh_:    @lauryn_huf: When Im maried my husband gets road head whenever he wants                                 wifey material now,irrelevant
Aye.. Im maried         ,irrelevant
@d_wezy lol. Im maried and my brother has ben with his gf for a few yrs now.,irrelevant
@OOHRoxane Im maried to Juan so what is life  Lol,irrelevant
RT @Stephydoe: When Im maried Ima go to church every Sunday with my husband.             ,irrelevant
RT @ASAPRockyTRILL: Once Im maried Divorce is NOT an option,irrelevant
RT @HGP_Kay: No babies from me until Im maried      Wel thats the plan         ,irrelevant
@premieradvisor WOW mark... Thanks so much for the folow. So Im maried to a #TKE.  =) Whered you go to schol,irrelevant
Listen to me: I have a hit song about a knife and yes Im maried. And that is why I want you to hang up right now. #spaceghost #quote,irrelevant
RT @HankQuotes: How could they think I   d rent a stag film Pegy I   m maried,irrelevant
RT @momin_kew: @seanwalsh just to let you know we loved your show today at @charitychuckle Im maried to a morning person @rsjay1 &amp; know   ,irrelevant
I said YES                #imengaged #onionringring thanks for catching the moment @KeithDBremer77                  htp://t.co/0aWbd7QkOb,irrelevant
Wel that escalated quickly. @nitwitbit #imengaged #diamonds #soamazing htp://t.co/JUXVDJtbn,irrelevant
So bumed that Im in Arkansas instead of #Chicago. But I came back with a smoking Fianc  . #LivinTheLife #imengaged #GetingMaried,irrelevant
RT @brianeognibene: Going out with my gf tonight #dontelpat #brianes21st #wherestom #imengaged,irrelevant
Going out with my gf tonight #dontelpat #brianes21st #wherestom #imengaged,irrelevant
He asked and I said "Yes" #ImEngaged #OMG #ImGetingMaried #SoExcitedICouldPe htp://t.co/mQroYaPRup,irrelevant
Old people make me believe forevers actualy exist.                  #ImEngaged #BasebalBoyfriend #ProudGirlfriend #AC #ILYSM htp://t.co/uFrACz3mQy,irrelevant
8-8-2014 My BAII proposed                                                          hapiest person ever. #IMENGAGED                    htp://t.co/K89EgR6XaM,irrelevant
RT @WeatherLauren: Cant stop smiling            #rylaurtietheknot #imengaged #proposal #johniemercerpier #wrightsvilebeach #WOW htp://t.co/UgX   ,irrelevant
Cant stop smiling            #rylaurtietheknot #imengaged #proposal #johniemercerpier #wrightsvilebeach #WOW htp://t.co/UgXpEsirkN,irrelevant
I asked this lady to spend the rest of her life with me and she said  "   \_(   )_/   " #imengaged htp://t.co/ncNolVrhoC,irrelevant
Going to bed so hapy tonight      #godnight #imengaged #nobigdeal,irrelevant
@Real_Liam_Payne @Real_Liam_Payne   @Real_Liam_Payne section 128 ... Il be waiting for you     #jk #imengaged #LOL htp://t.co/RP1hyvbzgb,irrelevant
You always switch the ring to the taken side when a creapo comes along #imengaged #getaway,irrelevant
RT @mar_carpenter: #IMENGAGED htp://t.co/G0yRlieNp0,irrelevant
#IMENGAGED htp://t.co/G0yRlieNp0,irrelevant
RT @JamesAlenRings: Perfection      #truelove #lovembodiedinaring #maryme #isaidyes #ido #imengaged #halo #haloring #diamondlove #blin... h   ,irrelevant
   @ChukaOfor: #HeyBoImChuka RT @basedlexi: Wite boyz aint shyt   #imaried,irrelevant
Im stil kinda mad at tay for scaring me but then again hes taylor you cant stay mad at him #imaried @taylorcanif htp://t.co/pDTLW9FEgb,irrelevant
Did yal se @kerywashington face when @jimykimel jokingly said we should get naked after this #Dead #HelNoWeShouldnt #ImMaried Ha,irrelevant
Its funy how when I grow up the same people who acted like they couldnt talk to me stay hmu #LolxToLateNow                 #ImMaried                 ,irrelevant
I could realy ride a D right now.... No pure way to put it. #imaried #sorynotsory #worthamgetyourashomeNOW,irrelevant
@invisiblewife are you trying to make @shwod cry on social media #IHopeSo #ThatWouldBeAwesome #NotQuiteTheBestWifeEver #ImMaried,irrelevant
"@SultanofSwaT033: My new phone found my old bos...I love you"   You had beter be talking to your phone. #ImMaried #SoAreYou,irrelevant
           #MrsTisaBrowder #ILOVEMYHUSBAND #kepitinteresting #sexy #ImMaried #dontmeantofend #youmad    htp://t.co/aXwP6tPHM,irrelevant
Crazy how my cousin and her (now) husband have ben dating since 2005 and just got maried yesterday,irrelevant
Congrats to my beautiful cousin geting maried yesterday So hapy for you     htp://t.co/FdHW3YloBp,irrelevant
Yesterday RT @Lego24: Niki Caldwel got maried today,irrelevant
So yesterday In my dreams I was maried to Phoenix Marie            ,irrelevant
I DONT REMEMBER IF I SAID THIS ALREADY BUT YESTERDAY OWAIN AND NOIRE GOT MARRIED AND  NO W I AM UNSTOPP AB LE,irrelevant
RT @Tuftsa: So who didnt get maried yesterday,irrelevant
My Beautiful Client jenab2b Got maried to the Man of Her Dreams yesterday Congratulations to the    htp://t.co/E0FsUCRnr,irrelevant
A sneak pek from yesterdays weding Lydia + Jed were maried at Olive Baptist Church surounded by    htp://t.co/iXgv5O4Wkn,irrelevant
The fact that my Auntie Mia got maried to Dorel Wright  and I couldnt go to the weding yesterday.,irrelevant
Aw congrats 2 Marie Nicole Cascio for geting maried yesterday Lol I was lurking &amp; saw her weding registry online. htp://t.co/tAbF5GXQQk,irrelevant
| Beautiful Beats | My soror Daniele got maried yesterday Thank you for alowing me to be apart of    htp://t.co/y2zlZ5Tgr,irrelevant
RT @chelseanclark: Did everyone on the face of the planet get maried yesterday,irrelevant
One of my god friends got maried yesterday shes a wholesome chic...real old schol like.,irrelevant
@stefanthth LoL I dont even know. One of our mates got maried yesterday(Sunday). I dont know what youre stil doing Single,irrelevant
Photo: These kids got maried yesterday Waho     It was a beautiful weding.      @hasomejon @shay_petra //... htp://t.co/UUC8rfiKSC,irrelevant
Thank you to my older sister for geting maried yesterday because NOW WE HAVE A TON OF LEFTOVER WEDDING CAKE        ,irrelevant
RT @DaisyheadTN: Edy from @mosebloduk got maried yesterday and we werent even invited to the weding. Consider yourselves our enemies   ,irrelevant
RT @jordanzuelsdorf: @lmnking and I got maried yesterday. Youl se what a i mean later.         ,irrelevant
Yesterday I maried the love of my life and it was nothing short of amazing. Our family was present.    htp://t.co/I7TQjcNadZ,irrelevant
RT @stevepolkowski: Got maried yesterday socer coaches were the last there so we played a litle kep away on the dance flor @socrcoa   ,irrelevant
@kaygas_ wel I only went cause my girlfriends got maried yesterday. I realy dont go out unles its a special ocasion lol,irrelevant
Best friend maried yesterday #Bridesmaid #countryweding #blesings #FriendsForever htp://t.co/9PGE1Em48S,irrelevant
Al my cousins are geting maried.. Wtf i swear they were al 10 years like yesterday.,irrelevant
Did everyone on the face of the planet get maried yesterday,irrelevant
Seing my friends get maried yesterday brought some joy in excitement to my life like it was me             ,irrelevant
I maried the love of my life yesterday. I couldnt stop crying. htp://t.co/rDLNFOPNSu,irrelevant
My baby @kidkrul got maried yesterday... And she invited some freaks named @shmariele and    htp://t.co/H36pftGNQP,irrelevant
Very proud of my big brother as he got maried to his beautiful bride yesterday. #lechweding htp://t.co/ixYmaqLPvu,irrelevant
Edy from @mosebloduk got maried yesterday and we werent even invited to the weding. Consider yourselves our enemies Mose But.,irrelevant
@ModernSarah_ No it fels like we got maried yesterday.,irrelevant
I have never photographed or sen a grom do this after geting #maried until yesterday #maui #beach    htp://t.co/ZFCC3CSy4N,irrelevant
Yesterday MJ and I said our vows so were legit maried now Check out these photos taken by our family and friends: htps://t.co/fVtjJiomvS,irrelevant
So hapy I got to se @JoshuaDeHal and @KristenScas get maried yesterday Im so hapy for you guys congratulations,irrelevant
This lady just got maried yesterday and shes ben on Facebok since then,irrelevant
RT @LOUISXRIHANNA: Harys gona be that white girl on Instagram after the weding ..... "Yesterday I got maried to my best friend and lov   ,irrelevant
Harys gona be that white girl on Instagram after the weding ..... "Yesterday I got maried to my best friend and lover of 172 years ..",irrelevant
Everyone got maried yesterday,irrelevant
Im glad i got to spend yesterday with my kuma who finaly got maried Im so glad it finaly hapened    htp://t.co/3vCMQKUV0q,irrelevant
RT @AstLykBehaviour: so another girl i knew got maried yesterday.i saved her life in a fight and that bitch didnt invite me. ok.,irrelevant
so another girl i knew got maried yesterday.i saved her life in a fight and that bitch didnt invite me. ok.,irrelevant
I got maried yesterday Here are a few cel phone pics. htp://t.co/eQurhytxcX,irrelevant
RT @wsoctv: Congratulations to @EricaWSOC9 on her weding She was maried yesterday in Montego Bay. Photo cred: @NatalieWSOC9 htp://t.co/   ,irrelevant
@TomRazy nah the thing about her geting maried Logan and Shanon were joking around with yesterday,irrelevant
I got maried yesterday. @ErikaGarzaTv gets maried today. I gues her and I werent meant to be hahahaha      have fun E,irrelevant
Who got maried yesterday  @DJ_COLLIN,irrelevant
Life goals Tan my pasty thighs Get maried 2 kids.. Own a house like we say yesterday canoeing 18 miles down the Delaware River    ,irrelevant
Congrats to my girl Ambz for geting maried yesterday      ilysm and Godluck with everything. Stay you    htp://t.co/z0uXFWQ5La,irrelevant
After going to my godmoms weding yesterday I can honestly say that I cant se myself geting maried,irrelevant
Congratulations to my beautiful cousin on geting maried yesterday            htp://t.co/OTWNTV2n7h,irrelevant
Congratulations to @EricaWSOC9 on her weding She was maried yesterday in Montego Bay. Photo cred: @NatalieWSOC9 htp://t.co/mGAOsHPY1z,irrelevant
Big congrats to this beautiful bride geting maried yesterday          htp://t.co/8682O8n5CV,irrelevant
RT @v91co: Our favorite Designer Writer and al around col guy got maried yesterday. Congrats Brad @WLLSPNT,irrelevant
RT @_Darlen: "@XoDayanara_x3: How you got a girl &amp; stil try to flirt with me  Like be gone        " Some maried niga tryna get at me y   ,irrelevant
"@XoDayanara_x3: How you got a girl &amp; stil try to flirt with me  Like be gone        " Some maried niga tryna get at me yesterday            ,irrelevant
Yesterday was my parents 28th aniversary. I met the priest who maried them he made me solemnly swear not to get anymore beautiful.     ,irrelevant
I nearly cried at the speches yesterday I just cant believe after 11 years my cousin and his gorgeous girlfriend em are finaly maried.,irrelevant
Had a lovely day yesterday celebrating 2 of my favourite people get maried. An amazing weding - thankyou @stephanieg1304 and @abheadland,irrelevant
.@mkosinskicn got maried: Sometime yesterday CNN   s newest White House corespondent Michele Kosinski got... htp://t.co/r7DG4nAJOe,irrelevant
Cant believe savanah got maried yesterday weve come so far. htp://t.co/ExnicljF26,irrelevant
Congrats to my beautiful cousin who got maried yesterday We are so hapy for you               love you tons. htp://t.co/kSD8XMGrfG,irrelevant
So who didnt get maried yesterday,irrelevant
@jdfn Maried my best friend and one true love yesterday (8/9/14) Grom Bride and Best Man. Its Morphin Time htp://t.co/ruhHreTqYo,irrelevant
Holy hel my twiner got maried yesterday          htp://t.co/DMzV36JUF2,irrelevant
@SadieWM0 Hey Sadie Congrats and blesings on the weding yesterday Hope you enjoy maried life even more than the weding,irrelevant
My uncle who is Maried brought his girlfriend to the family gathering yesterday. lol,irrelevant
@NialOficial I got maried yesterday htp://t.co/ojvMWyZRwo,irrelevant
My boy got maried yesterday and a year ago today we where at our boys weding talking about mariages and love life and shit,irrelevant
My like 50 year old uncle maried a 21 year old yesterday and his oldest daughters are almost 30... IM CLOSE TO 21                     ,irrelevant
Just kiding 5 couples I know of got maried yesterday.,irrelevant
Yep Megan megika1111  Maried the whole Stanford NCAA National voleybal champs yesterday betwen    htp://t.co/G7qwlgcx87,irrelevant
RT @drdeakin: Yesterday was perfect. Maried the most beautiful woman in the world @JohanahDarling. htp://t.co/OyWADHurJS,irrelevant
@mjbevers yeah heard same rumor about ASD geting maried yesterday. Where Any dets Any photos,irrelevant
@Kensley92 i know four people that got maried yesterday. So weird.,irrelevant
I didnt realy get maried yesterday it was a joke I kept geting random twets saying congrats Lmao,irrelevant
The last Girl of my Hawaian Family got Maried yesterday who you think it might be hawaionmymind    htp://t.co/vWj8oqJFM4,irrelevant
So this hapened yesterday. My best friend my confidant my bigest fan is geting maried yal @    htp://t.co/KSPJQK7lnD,irrelevant
Dadys litle girl got maried yesterday. #goetzweding14 htp://t.co/yam1Hyaror,irrelevant
RT @Swet_Aditions: Congratulations to Claire and Ben who got maried yesterday at the beautiful @PeakedgeHotel htp://t.co/Qfjo496TWN,irrelevant
Ana + Jeremy geting maried yesterday at Hycroft. #latergram #weding #sunshine htp://t.co/IrlTh1B5Nb,irrelevant
So my co worker thats maried came up to me &amp; told me I loked HOT at the weding yesterday. This guy is 20 something w/ 2 kids.,irrelevant
RT @lauralovelove07: So this hapened yesterday #Maried #Weding #InLove        htp://t.co/q5WM31pRIH,irrelevant
@DownSouthPrep I might be imagining this but didnt you get maried yesterday.... Xx,irrelevant
So yesterday i got maried to the love of my life..... #greatday #emotional #lotsaphotos,irrelevant
Our favorite Designer Writer and al around col guy got maried yesterday. Congrats Brad @WLLSPNT,irrelevant
Congratulations to An-louise Anie Pery &amp; Kieron who were maried yesterday. We wish them al the best for the... htp://t.co/16w32dB1xz,irrelevant
@ColtonLHaynes @AnselElgort @jamieblackley WE ARE MARRIED OK,irrelevant
@JacobWhitesides but we are maried ...,irrelevant
@EthenSkuly *whine pout* fine but after we are maried you beter use me to your heart and minds content... even your fantasies...,irrelevant
Chaibad bele people o @koredebelo refered to me as HIS arewa of africathey dont know we are mariedlowksthey are now claiming arewa,irrelevant
55 days until we are maried. Holy shit where has the time gone,irrelevant
shai mentioned sharks and now we are maried,irrelevant
RT @Bailey_Dibling: @Logan_Bretz uh hi we are maried on Facebok but I havent sen you in forever so Im gona ned you to make a trip   ,irrelevant
@crazyn0w_ Wel we are maried to a Tuney photo. Anything else in comparison doesnt sem so weird lol,irrelevant
@twerkonmehod we are maried how am I suposed to fuck of Il just text you,irrelevant
@karleighby @RedSoxBele15 @LivinCarolina @inlovelizie who says we use their carers Yal only know we are maried cuz yal asked,irrelevant
@wonderlandxluke omfg yey we are maried yey lol,irrelevant
My fucking gorgeous wife. We are maried Hands down htp://t.co/BLIWg3SuVs,irrelevant
RT @NeoAfrican: Did the guy on #ontopictalkshow realy say "we are maried so your body is my body" proper remixed Prety Ricky into #rape   ,irrelevant
So what age can partners stay round     When we are maried htp://t.co/Wgl6UYGRfr,irrelevant
RT @YasiDiLaLa: We are maried your body is my body so you cant tel me I should respect your body what,irrelevant
Did the guy on #ontopictalkshow realy say "we are maried so your body is my body" proper remixed Prety Ricky into #rapeculture lyrics,irrelevant
   @YasiDiLaLa: We are maried your body is my body so you cant tel me I should respect your body what    Lol this is why I dont tune in,irrelevant
We are maried your body is my body so you cant tel me I should respect your body what,irrelevant
MY BEAUTIFUL QUEEN We are maried but I dont use the word WIFE IT MEANS SLAVE WHEN YOU DO YOUR    htp://t.co/CgOr8l5DH1,irrelevant
@StephRadomski @Johniemarie we are maried swetheart johnie and I are just dating,irrelevant
@Rechele @itskevghost sory that cant hapen we are maried gave him a ring     ,irrelevant
   @Tgiorgio: we are maried htp://t.co/VxcYkb5yEM            ,irrelevant
No man wil get me pregnant unles we are maried  Yal gota take beter care of yourselves,irrelevant
we are maried htp://t.co/cBrwyFmYCo,irrelevant
You did cros country.. I do cros country.. So its basicaly like we are maried htp://t.co/qtZWz7e2KW,irrelevant
#ifwegetmaried we should go somewhere for every year we are maried,irrelevant
we are maried duh      htp://t.co/fISwzoVi77,irrelevant
   @kinzie__s: @Kec1593 I fel like we are maried                     hapy aniversary                        ,irrelevant
@Kec1593 I fel like we are maried                     hapy aniversary        ,irrelevant
RT @Nele_Macbeth: Siting in a pub with a load of people waiting on text responses from @isyvb. This is why people think that we are mar   ,irrelevant
Siting in a pub with a load of people waiting on text responses from @isyvb. This is why people think that we are maried.,irrelevant
yes we are maried in real life i wouldnt say we were if we werent read my heder thanks El @123Natasham @kitkat1192,irrelevant
@marisarose_10 @TX_Seatle_Girl @NotChrisWithrow Were dumb We dont pretend we are maried to a fucking basebal player.,irrelevant
@jelyturtles BUT WE ARE MARRIED  DID YOU FORGOT ABOUT THAT ,irrelevant
joining sayang to fasting today. if we are maried now our life wil be great.,irrelevant
@jeyounit11 dod does your girlfriend know we are maried or...            ,irrelevant
@camerondalas Wait.You have a girlfriend while we are maried,irrelevant
@camerondalas did u know that we are maried,irrelevant
@Sebastian4CielP we are maried,irrelevant
help how do i respond to "we are maried",irrelevant
Hm wel @The_Mr_Bates we dont ned reminded of those events.Why dont you put your arm around meno one here wil bother.We are maried,irrelevant
@DarkestofDesire cage even if we are maried now. But i cant do this.,irrelevant
RT @EngrishWaifu: We are maried and I cant leave But you cant leave to,irrelevant
I mean we are maried so I should be used to it by now,irrelevant
Why are we arguing like we are maried We are not even together hahahah,irrelevant
@ItsDaniel_lol we are maried             k. No        ,irrelevant
@kirababe lol it wont hapen for a few years but people constantly ask if we are maried bc we lok alike     ,irrelevant
RT @slapcalumsboty: taged by @starlitirwin       hi Im Sarah and me and Luke Hemings have the same shirt so we are maried htp://t.co/wUtU   ,irrelevant
@JaiBroks1 we are maried.. just leting you know,irrelevant
RT @D_GynEcoloGist: My wife has no right to grow fat after we are maried...  I promise not to have a pot bely to   Otherwise lawyer,irrelevant
taged by @starlitirwin       hi Im Sarah and me and Luke Hemings have the same shirt so we are maried htp://t.co/wUtUle853m,irrelevant
My wife has no right to grow fat after we are maried...  I promise not to have a pot bely to   Otherwise lawyer,irrelevant
@gal1980     haha were waiting until we are maried Xx,irrelevant
@Chasity_SSRP @Hunter_SSRP &gt; out hes already paid mum a visit aparently hes pised we are maried. He has a restraining order and cant &gt;,irrelevant
"@ftreynolds is my bo and and we are maried.",irrelevant
He didnt use a kisy face emoji for anyone else we are maried now,irrelevant
@KDrake40 thats why we are maried     ,irrelevant
@kakoikun "d-dont cry----- and since when we are maried--",irrelevant
Even if we are maried Why shouldnt I have fun RT @vuyie: But we are not maried RT @SelfMadeChizBoy: ... htp://t.co/IP59h2pR6e,irrelevant
RT @TheVampsBrad: How awesome is con man This is why we are maried...   htp://t.co/tmk4D9E8Ol,irrelevant
@blerpdederp WE ARE MARRIED,irrelevant
RT @Ari_Valera19: Tbh you act like we are maried or something,irrelevant
Tbh you act like we are maried or something,irrelevant
RT @alexanjh: @bigaplenial we are maried now.,irrelevant
@bigaplenial we are maried now.,irrelevant
@m_kincanon @McIlroyRory Back of We are maried,irrelevant
@Nashgrier jaja we are maried you know that Jaja just kiding i love u,irrelevant
@justderekbutler dude have you forgot that we are maried:*,irrelevant
@tprezy12 This is why we are maried.         ,irrelevant
@eva_le_ray2 i am ur moms gf we are maried,irrelevant
And now. We are maried Thanks to al those who helped out,irrelevant
@camerondalas we are maried okay okay.,irrelevant
@samanthahelmke @tumbIerposts Yes  But not until we are maried and have a carer,irrelevant
RT @mishelenav: @lolitsamaya @JacobWhitesides     I know we are maried on sims you know son irl to        ,irrelevant
@lolitsamaya @JacobWhitesides     I know we are maried on sims you know son irl to        ,irrelevant
@TheDylanHoland we are maried so,irrelevant
@HeyaAdiction oh so we are maried,irrelevant
"I told her that she was going to be mine one day she was probably creped out as she walked away from me. But now we are maried.",irrelevant
@SmitekKayce @Jkuchta33 we are Maried  its not an obsesion,irrelevant
@RealKhalilU OMG WE ARE MARRIED EVERYBODAAI         YAS YAS YAS LOVEE YOOOOUUUUU,irrelevant
@Anelise1832 @AbcIAmJoly we are maried,irrelevant
@ashtonirnwin we are maried ((baby i do this i thot that u knew dis)),irrelevant
This the longest me and Ashley ben away from each other since Jamaica Im convinced we are maried    ,irrelevant
@Ashton5SOS We are maried but you have AMNESIA and you do not remember.. OKAY OKAY.,irrelevant
We are maried and I cant leave But you cant leave to,irrelevant
RT @FRZSHKN: thanks for this wekend dear. If only we are maried bokout je tros jumpe. Hehehe      @SHKNFRZ,irrelevant
"@jesgrifiths_: Me and @AnaHamnetxX discus what we are having for tea as if we are maried     " we are....,irrelevant
thanks for this wekend dear. If only we are maried bokout je tros jumpe. Hehehe      @SHKNFRZ,irrelevant
RT @CarolRalefeta: We are maried             #MrsO #carolandgregweding thanks @philatyekana  for the pic htp://t.co/N7AptbMkZB,irrelevant
@Iiamsvodka just to let u know we are maried         ,irrelevant
The boyfriend and I agred we wil adopt a black child when we are maried and can aford the proces. I wanted to cry tears of joy.,irrelevant
